title,company,location,link
"React/Vue Engineer, Digital Consumer Products, fully remote",Superformula,No office location,https://stackoverflow.com/jobs/461414
Technical Lead (Vue.js),Coda Payments,Singapore,https://stackoverflow.com/jobs/523195
Vue.js Frontend Developer (f/m/x),Parkside,"Graz, Austria",https://stackoverflow.com/jobs/534464
Vue.js Entwickler,Computer FuturesviaComputer Futures Solutions GmbH,No office location,https://stackoverflow.com/jobs/524475
Frontend Engineer – Vue.js,SpotMe,No office location,https://stackoverflow.com/jobs/535271
Senior Full-Stack Web Developer (Vue & Node),Nanome Inc,No office location,https://stackoverflow.com/jobs/511761
"Front-End Developer (HTML, CSS, Vue.js, Animation)",Limesharp,No office location,https://stackoverflow.com/jobs/132347
Webdeveloper for Backend (NodeJS) and Frontend (Vue) (m/f),RINGANA GmbH,"Wien, Österreich",https://stackoverflow.com/jobs/421723
Frontend Software Engineer (Vue),Captivation Software,"Linthicum Heights, MD",https://stackoverflow.com/jobs/525424
Frontend Developer (Vue.js),The Motley Fool Inc,No office location,https://stackoverflow.com/jobs/536121
Vue.js Developer (Remote),X-Team,No office location,https://stackoverflow.com/jobs/534462
"Full Stack Engineer - Junior to Senior - Vue.js, Go",Ezoic,"Carlsbad, CA",https://stackoverflow.com/jobs/427867
Senior fullstack web developer (PHP and Vue),Return on Art,"Vienna, Austria",https://stackoverflow.com/jobs/528593
Senior Frontend Engineer - VueJS,Mimacom,"Madrid, Spain",https://stackoverflow.com/jobs/533767
"Senior Software Engineer - Go, Vue.js, Machine Learning",Ezoic,"Carlsbad, CA",https://stackoverflow.com/jobs/427866
"Full Stack Engineer - Vue.js, Angular, CSS, Java, J2EE - Remote USA",Lumen,"Herndon, VA",https://stackoverflow.com/jobs/525770
PHP Developer (Laravel | CakePHP | HTML5 | JS | Vue | Nuxt),Continued,No office location,https://stackoverflow.com/jobs/522977
JavaScript/Vue.js Developer - EdTech player oferring high-quality online courses,Pentalog,No office location,https://stackoverflow.com/jobs/530839
Front-end Developer Vuejs,CareSend,No office location,https://stackoverflow.com/jobs/499953
Senior Front-end Developer (Vue.js) - Remote,Insider,No office location,https://stackoverflow.com/jobs/456300
Fullstack Engineer – Node.js & Vue.js,SpotMe,No office location,https://stackoverflow.com/jobs/522023
Full Stack Developer - PHP and VueJS (f/m/d),CA Customer Alliance GmbH,"Berlin, Germany",https://stackoverflow.com/jobs/528320
Join a rapid-growth startup- Full-stack Developer with Node.js & Vue.js (Mexico),Pentalog,"Guadalajara, Mexico",https://stackoverflow.com/jobs/536809
Senior Full Stack Web Engineer – Vue.js & Ruby on Rails,Blinkist,"Berlin, Germany",https://stackoverflow.com/jobs/530723
Senior Frontend Developer React/Angular/Vue,Sytac IT Consulting,"Amsterdam, Netherlands",https://stackoverflow.com/jobs/524937
Backend Engineer,Sytac IT Consulting,"Amsterdam, Netherlands",https://stackoverflow.com/jobs/524936
Full Stack Vue.JS Pro...Who Wants to Dent the Universe,Digital Masterplanning,No office location,https://stackoverflow.com/jobs/523933
Frontenddeveloper with vue.js / Experienced with TDD and Docker,roadsurfer GmbH,"München, Deutschland",https://stackoverflow.com/jobs/504968
Senior Laravel / VUE Developer (Remote),Curotec,No office location,https://stackoverflow.com/jobs/533450
Lead Frontend Developer / Vue.js (m/f/x),refurbed,No office location,https://stackoverflow.com/jobs/483470
Senior Full Stack Laravel & Vue.js,Worksome ApS,"København, Denmark",https://stackoverflow.com/jobs/503422
"Full Stack Developer (GraphQL, VueJS, Laravel) Office or Remote",Limesharp,"London, UK",https://stackoverflow.com/jobs/462636
"Backend Developer PHP (m/w/d) in Leipzig, Halle (Saale) oder Dresden",Relaxdays GmbH,"Leipzig, Deutschland",https://stackoverflow.com/jobs/433896
"Backend Developer C# (w/m/d) in Leipzig, Halle (Saale) oder Dresden",Relaxdays GmbH,"Leipzig, Deutschland",https://stackoverflow.com/jobs/433895
Développeur Crafteur JAVA (H/F),La Combe du Lion Vert,"Paris, France",https://stackoverflow.com/jobs/499582
Développeur Fullstack JAVA / Javascript (H/F),La Combe du Lion Vert,"Paris, France",https://stackoverflow.com/jobs/504197
Technical Release Manager,Modus Create,No office location,https://stackoverflow.com/jobs/537831
Atlassian Consultant,Modus Create,No office location,https://stackoverflow.com/jobs/536308
"Frontend Developer (m/w/d) in Leipzig, Halle (Saale) oder Dresden",Relaxdays GmbH,"Leipzig, Deutschland",https://stackoverflow.com/jobs/433898
DevOps Engineer (AWS),Modus Create,No office location,https://stackoverflow.com/jobs/534503
Python Developer,Sytac IT Consulting,"Haarlem, Netherlands",https://stackoverflow.com/jobs/534018
"Software Architect ( Angular 10, TypeScript)",Modus Create,No office location,https://stackoverflow.com/jobs/538110
DevOps Engineer,Sytac IT Consulting,"Haarlem, Netherlands",https://stackoverflow.com/jobs/534200
Data Architect ( Journey Orchestration),Modus Create,No office location,https://stackoverflow.com/jobs/538129
Software Engineer (Full Stack) - Internal Tools,Apple,"San Diego, CA",https://stackoverflow.com/jobs/536793
Senior TypeScript Engineer (m/f/d),e-bot7 GmbH,"München, Germany",https://stackoverflow.com/jobs/500530
Senior Software Developer,HaysviaHays PLC,"Toronto, ON, Canada",https://stackoverflow.com/jobs/529296
Software Engineer,Freelancer.com,"Sydney, Australia",https://stackoverflow.com/jobs/527384
Front-end Developer,Apopsi SA,"Pireas, Greece",https://stackoverflow.com/jobs/535005
Senior Front-end / JS Developer (Remote),iubenda,"Milan, Italy",https://stackoverflow.com/jobs/530802
Senior Full-Stack Django/Python Developer,"Share Edge, LLC","Manhattan Beach, CA",https://stackoverflow.com/jobs/501234
Front End Engineer,Amazon Web Services,"New York, NY",https://stackoverflow.com/jobs/499873
Remote Elixir Engineer,Blue Code International AG,"Warsaw, Poland",https://stackoverflow.com/jobs/530299
Senior Front End Full Stack Developer - Remote Opportunity,QuiviQ,"Bellevue, WA",https://stackoverflow.com/jobs/533777
Senior Software Engineer (Full Stack),ActivTrak,"Remote, OR",https://stackoverflow.com/jobs/533447
Front End Engineer,SiteZeus,"Tampa, FL",https://stackoverflow.com/jobs/535321
Senior Python/Django Full-stack Developer,Apicbase Belgium,No office location,https://stackoverflow.com/jobs/533361
Frontend Engineer gesucht – Remote oder in einem unserer Büros,Studitemps,"Cologne, Germany",https://stackoverflow.com/jobs/126337
Senior Full-Stack PHP Developer,GeoPhy B.V.,"Den Haag, Netherlands",https://stackoverflow.com/jobs/523421
Full Stack Javascript Software Engineer,SDVI,No office location,https://stackoverflow.com/jobs/254207
Lead Software Engineer - Hypergrowth Biotech startup helping dogs!,Embark Veterinary Inc.,"Boston, MA",https://stackoverflow.com/jobs/510445
(Senior) Frontend Engineer (m/f/d),Lendico Deutschland GmbH,"Berlin, Deutschland",https://stackoverflow.com/jobs/526326
Senior Web Developer (Front-End),"Springbit, Inc.","Alpharetta, GA",https://stackoverflow.com/jobs/523610
Software Engineering Manager,SmileDirectClub,No office location,https://stackoverflow.com/jobs/530406
PHP Entwickler (Backend oder Full Stack)(m/w/d),WunschGutschein,"Düsseldorf, Deutschland",https://stackoverflow.com/jobs/365530
Javascript Developer (React.js/Node.js),Imaginary Cloud,"Lisbon, Portugal",https://stackoverflow.com/jobs/538102
Full-Stack Web Developer Java,WPS Management GmbH,"Paderborn, Deutschland",https://stackoverflow.com/jobs/125395
Senior Frontend Developer needed to save the planet,The Sustainables BV,"Amsterdam, Netherlands",https://stackoverflow.com/jobs/533989
Senior Python/Django Full-stack Developer,Apicbase Belgium,No office location,https://stackoverflow.com/jobs/515716
Full-Stack Web Developer (m/w/d) Remote,asgoodasnew electronics GmbH,"Berlin, Deutschland",https://stackoverflow.com/jobs/529765
Front End Engineer,LeadIQ,Singapore,https://stackoverflow.com/jobs/523334
Frontend Developer (LATAM REMOTE),Arative Technologies,No office location,https://stackoverflow.com/jobs/528678
Senior Backend/Fullstack Developer,Pensionera Förmedling i Sverige AB,"Stockholm, Sweden",https://stackoverflow.com/jobs/526102
Frontend Developer (m/w/d),OBI Group Holding SE & Co. KGaA,"Köln, Deutschland",https://stackoverflow.com/jobs/533991
Senior Software Engineer (m/w/d) Python,Cornelsen Verlag GmbH,"Berlin, Deutschland",https://stackoverflow.com/jobs/537066
Lead Front-End Developer,UPowr Pty Ltd,"Sydney, Australia",https://stackoverflow.com/jobs/501472
Frontend Developer (w/m/d),MASSIVE ART WebServices GmbH,"Wien, Österreich",https://stackoverflow.com/jobs/529757
Full Stack Developer,MediKeeper,"San Diego, CA",https://stackoverflow.com/jobs/529611
Frontend Web Developer (m/w/d),EyeC GmbH,"Hamburg, Deutschland",https://stackoverflow.com/jobs/408135
Frontend Developer,AudioValley,"Paris, France",https://stackoverflow.com/jobs/518187
Javascript & PHP Entwickler(in) für spannende Webapplikationen,4eyes GmbH,"Basel, Schweiz",https://stackoverflow.com/jobs/420062
Senior Full Stack Developer,OnCall Health,"Toronto, ON, Canada",https://stackoverflow.com/jobs/522342
Web Frontend Developer with an eye for professional user experience (m/f/d),Ergosign,"Saarbrücken, Deutschland",https://stackoverflow.com/jobs/456766
Frontend-Entwickler (m/w/d),Meierhofer AG,"Leipzig, Deutschland",https://stackoverflow.com/jobs/372319
Frontend Developer (m/f/d),WPS Management GmbH,"Paderborn, Deutschland",https://stackoverflow.com/jobs/293572
Front-end Engineer (Full-Remote in Japan*),PayPay Corporation.,"Tokyo, Japan",https://stackoverflow.com/jobs/292635
Frontend Developer (m/f/d) - onsite or remote in Germany,ABOUT YOU GmbH & Co. KG,"Hamburg, Deutschland",https://stackoverflow.com/jobs/528779
Senior Full-Stack JavaScript Developer,Jibble,No office location,https://stackoverflow.com/jobs/538073
Software Architect / Code Reviewer / Mentor - Part-time,Arcanys,No office location,https://stackoverflow.com/jobs/485542
Software Engineer - Hypergrowth Biotech startup helping dogs!,Embark Veterinary Inc.,"Boston, MA",https://stackoverflow.com/jobs/526658
(Senior) Frontend Developer (m/w/d),asgoodasnew electronics GmbH,"Berlin, Deutschland",https://stackoverflow.com/jobs/536573
(Senior) Software Engineer Frontend (m/w/d),Novatec Consulting GmbH,"Berlin, Germany",https://stackoverflow.com/jobs/531047
Bioinformatician/Software Developer,Centogene GmbH,"Berlin, Germany",https://stackoverflow.com/jobs/535245
Bioinformatician/Software Developer,Centogene GmbH,"Beograd, Serbia",https://stackoverflow.com/jobs/535243
Frontend Engineer,LiveSchool Inc.,No office location,https://stackoverflow.com/jobs/517128
Senior Frontend Engineer,Singapore Innovate Pte. Ltd,Singapore,https://stackoverflow.com/jobs/529920
Senior Backend Engineer (.NET Core),"Unanet, Inc.",No office location,https://stackoverflow.com/jobs/536877
"(Senior) Frontend Engineer (m/w/d), Köln oder Gütersloh",Schüttflix GmbH,"Cologne, Germany",https://stackoverflow.com/jobs/525579
Back-End Developer (i.e. Python),Imaginary Cloud,"Lisbon, Portugal",https://stackoverflow.com/jobs/537607
Full-Stack (Ruby on Rails and Javascript) Person Who Can Write Code,"Dorsata, Inc.",No office location,https://stackoverflow.com/jobs/312462
Lead Full Stack Java Developer - Remote US,Lumen,No office location,https://stackoverflow.com/jobs/523482
Full-Stack (Ruby on Rails and Javascript) Person Who Can Write Code,"Dorsata, Inc.",No office location,https://stackoverflow.com/jobs/312462
Software Engineer (Full-stack),Parenthetic,No office location,https://stackoverflow.com/jobs/527828
Frontend Entwickler (w/m/d),brandung GmbH & Co. KG,"Köln, Deutschland",https://stackoverflow.com/jobs/252522
Senior Frontend Engineer (f/m/d),real.digital,"Köln, Deutschland",https://stackoverflow.com/jobs/501205
Software Engineer - Frontend,ZALORA,"Ho Chi Minh City, Vietnam",https://stackoverflow.com/jobs/536783
Full-Stack Developer,FlexEarn,"London, UK",https://stackoverflow.com/jobs/485775
Domain-Driven Engineer - Java (m/f/d),ProSiebenSat.1 Media SE,"München, Deutschland",https://stackoverflow.com/jobs/537617
Cloud Software Engineer for IoT Products,Paessler AG,No office location,https://stackoverflow.com/jobs/412301
Full Stack Java Developer,Lumen,"Town and Country, MO",https://stackoverflow.com/jobs/524063
"full-stack web developer (node.js, typescript)",code d'azur,"Amsterdam, Netherlands",https://stackoverflow.com/jobs/522428
"Remote Senior Software Engineer, JavaScript",Verys,"Santa Ana, CA",https://stackoverflow.com/jobs/536604
(Senior) Software Engineer Fullstack (w/m/d),tresmo GmbH,"Augsburg, Deutschland",https://stackoverflow.com/jobs/534459
Software Developer,Computer FuturesviaComputer Futures Japan,"Tokyo, Japan",https://stackoverflow.com/jobs/536634
Senior Frontend Developer (f/m/diverse),Eurowings Digital GmbH,"Köln, Deutschland",https://stackoverflow.com/jobs/410393
Team Lead Web Development (m/w/d),cadooz GmbH,"Hamburg, Deutschland",https://stackoverflow.com/jobs/534943
Senior Software Engineer,Quantum Mob,"Toronto, ON, Canada",https://stackoverflow.com/jobs/527600
Frontend Software Developer (f/m/d) for SaaS products,Trusted Shops GmbH,No office location,https://stackoverflow.com/jobs/538370
Senior Node/React Full-Stack Developer,"Gorilla Logic, Inc.",No office location,https://stackoverflow.com/jobs/523491
Front-End Developer,Imaginary Cloud,"Lisbon, Portugal",https://stackoverflow.com/jobs/537898
Software Engineer,UpMetrics,No office location,https://stackoverflow.com/jobs/496289
Full-Stack Software Engineer,Captivation Software,"Fort Meade, MD",https://stackoverflow.com/jobs/525427
Digital-Senior Software/Lead Engineer-System Infra,FactSet,"Hyderabad, India",https://stackoverflow.com/jobs/461321
(Senior) Fullstack Entwickler (m/w/d),BoschviaComputer Futures Solutions GmbH,"Stuttgart, Deutschland",https://stackoverflow.com/jobs/525341
Senior Software Engineer (Chatbot) at SaaS Healthcare Company,The Jellyvision Lab Inc.,No office location,https://stackoverflow.com/jobs/500471
Frontend Engineer at Bosch IoT Start-up,Security and Safety Things GmbH (A Bosch IoT Start-Up),"Eindhoven, Netherlands",https://stackoverflow.com/jobs/522738
Senior Software Engineer (Chatbot) at SaaS Healthcare Company,The Jellyvision Lab Inc.,No office location,https://stackoverflow.com/jobs/500471
Backend Node.js Developer (LATAM REMOTE),Arative Technologies,No office location,https://stackoverflow.com/jobs/528677
*Remote* Teamlead / Lead Engineer Node.js B2B Mobility Platform@ShareNow (m/f/x),"AVANTGARDE - ""Creating Fans""",No office location,https://stackoverflow.com/jobs/538107
Frontend-Developer (m/f/d),TOPdesk,"Kaiserslautern, Deutschland",https://stackoverflow.com/jobs/465950
Join the Crew – Passionate Senior Software Engineer (all genders),Spaceteams GmbH,"Hamburg, Germany",https://stackoverflow.com/jobs/521940
Sr. Full Stack Engineer- Python,AutoTrader,"Toronto, ON, Canada",https://stackoverflow.com/jobs/529021
Software Engineer,Soul Machines Limited,"Auckland, New Zealand",https://stackoverflow.com/jobs/537441
Senior Frontend Engineer - Databento (Fully Remote),Unusual Ventures,No office location,https://stackoverflow.com/jobs/524277
*REMOTE* Senior Kotlin (Java) Backend Engineer (m/w/d) TVNOW Streaming Plattform,"AVANTGARDE - ""Creating Fans""",No office location,https://stackoverflow.com/jobs/468935
.Net Software Developer,Geotab,No office location,https://stackoverflow.com/jobs/528786
.NET Developer,Addison Group,"Nashville, TN",https://stackoverflow.com/jobs/521778
Mid or Senior C# Backend Developer,FieldOnTrack,"Sofia, Bulgaria",https://stackoverflow.com/jobs/529661
Senior Front End Developer,Huxley SingaporeviaComputer Futures Japan,Singapore,https://stackoverflow.com/jobs/537722
Senior Frontend Developer,Centogene GmbH,"Beograd, Serbia",https://stackoverflow.com/jobs/525830
Full Stack Web Developer (m/w/d),EyeC GmbH,"Hamburg, Deutschland",https://stackoverflow.com/jobs/408137
"Backend Developer - JavaScript/Typescript (m/w/d) in Bonn, Berlin oder Köln",tarent solutions GmbH,"Bonn, Deutschland",https://stackoverflow.com/jobs/538095
Proficient PHP/Symfony Developer,roadsurfer GmbH,"München, Deutschland",https://stackoverflow.com/jobs/497587
(Senior) Frontend Software Engineer (m/f/d),Charles GmbH,"Berlin, Germany",https://stackoverflow.com/jobs/499379
Full Stack Developer,Quantum Mob,"Toronto, ON, Canada",https://stackoverflow.com/jobs/536852
Full stack developer,Online Partner AB,"Hägersten, Sweden",https://stackoverflow.com/jobs/339146
Senior Backend Engineer - Elixir,Remote,No office location,https://stackoverflow.com/jobs/533358
Full Stack Web Developer,Bloomreach,"Amsterdam, Netherlands",https://stackoverflow.com/jobs/487279
Junior Software Engineer,"JPMorgan Chase Bank, N.A.","Chicago, IL",https://stackoverflow.com/jobs/536938
Senior Full Stack Engineer,Addison Group,No office location,https://stackoverflow.com/jobs/498138
Full Stack Web Developer,Bloomreach,"Amsterdam, Netherlands",https://stackoverflow.com/jobs/487279
Java Software Engineer (m/f/d) | Granada / Spain | remote or on-site,Best Secret GmbH,"Granada, Spanien",https://stackoverflow.com/jobs/530439
Senior Web UI Engineer (Contract),Demand.io,"Los Angeles, CA",https://stackoverflow.com/jobs/523582
Senior Backend Engineer - Elixir,Remote,No office location,https://stackoverflow.com/jobs/533358
"Java Software Engineer (m/w/d) in Bonn, Berlin, Köln oder Freiburg",tarent solutions GmbH,"Bonn, Deutschland",https://stackoverflow.com/jobs/494511
Senior Full-stack Web Developer,F-Secure,"Basingstoke, UK",https://stackoverflow.com/jobs/535566
Web-Developer  (m/f/d),Natif.ai GmbH,"Saarbrücken, Deutschland",https://stackoverflow.com/jobs/528278
Senior Full Stack Developer,Dash HudsonviaAlongside,No office location,https://stackoverflow.com/jobs/536073
"Software Engineer, Frontend (Remote)",Brex,No office location,https://stackoverflow.com/jobs/525275
Full Stack Developer (m/w/d),"Sthree GmbHviaProgressive, ein Geschäftszweig der SThree GmbH","Dortmund, Deutschland",https://stackoverflow.com/jobs/524038
Join the Crew – Ambitious Full Stack Software Engineer (all genders),Spaceteams GmbH,"Hamburg, Germany",https://stackoverflow.com/jobs/521784
Agile Software Entwickler / Developer PHP (m/w/d),CTS EVENTIM AG & Co. KG aA,"Bremen, Deutschland",https://stackoverflow.com/jobs/530240
Backend Engineer,Alice,"São Paulo, Brazil",https://stackoverflow.com/jobs/513756
Front-end Developer,Jumbo Supermarkets,"Veghel, Netherlands",https://stackoverflow.com/jobs/535306
"Senior frontend-utvecklare (valfritt ramverk) till Cygni, part of Accenture","Cygni, part of Accenture","Stockholm, Sweden",https://stackoverflow.com/jobs/447407
Senior JavaScript Developer,Särmä Digital Oy,No office location,https://stackoverflow.com/jobs/330722
Cloud Software Engineer Fullstack,Franke Kaffeemaschinen AG,"Aarburg, Schweiz",https://stackoverflow.com/jobs/436902
Web-Frontend-Entwickler (m/w/d),Kittelberger GmbH Lichtsatz EDV Informationsverarbeitung,"Reutlingen, Deutschland",https://stackoverflow.com/jobs/538322
Senior Software Engineer - Giftcards- R8969,"Chewy, Inc.","Minneapolis, MN",https://stackoverflow.com/jobs/529861
Senior Software Engineer - Frontend,VIZIO,"Denver, CO",https://stackoverflow.com/jobs/522670
Full-Stack Technical Lead,SSENSE,"Montreal, QC, Canada",https://stackoverflow.com/jobs/521742
Senior Software Engineer-Giftcards Team R10652,"Chewy, Inc.","Boston, MA",https://stackoverflow.com/jobs/528235
Remote-first: (Senior) Frontend-Engineer (m/w/d),Beyond Interfaces GmbH & Co. KG,"Cologne, Germany",https://stackoverflow.com/jobs/522734
PHP Developer,Quant,"London, UK",https://stackoverflow.com/jobs/517291
Full Stack Developer,"Ciber Global, LLC","Dearborn, MI",https://stackoverflow.com/jobs/521189
Full Stack Developer,"Ciber Global, LLC","Dearborn, MI",https://stackoverflow.com/jobs/521189
Frontend developer (NextJS/React) with a passion for open source,5 Monkeys Agency ABvia5 Monkeys Agency AB,"Stockholm, Sweden",https://stackoverflow.com/jobs/518074
Lead .NET Developer,Addison Group,"Franklin, TN",https://stackoverflow.com/jobs/526998
Senior Fullstack Developer (f/m/d),Greentube Internet Entertainment Solutions GmbH,"Vienna, Austria",https://stackoverflow.com/jobs/527010
Senior Full Stack Engineer,Addison Group,No office location,https://stackoverflow.com/jobs/499942
Frontend Developer m/w/d,MARC O'POLO International GmbH,"Stephanskirchen, Deutschland",https://stackoverflow.com/jobs/534473
Junior Project Developer JavaScript,FactSet,"Frankfurt am Main, Germany",https://stackoverflow.com/jobs/525860
Testautomatisierer (m/w/d),Computer FuturesviaComputer Futures Solutions GmbH,"Hamburg, Germany",https://stackoverflow.com/jobs/524714
Frontend Developer II - Remote (Outside US),Agiloft,No office location,https://stackoverflow.com/jobs/534053
Frontend Software Engineer (Mid-Level),"Foodspace Technology, Inc.",No office location,https://stackoverflow.com/jobs/537675
Software Engineer (Informatiker / Wirtschaftsinformatiker) - React / Java Script,GMG GmbH & Co. KG,"Tübingen, Deutschland",https://stackoverflow.com/jobs/534960
Developer Frontend/ Backend/ Fullstack m/w/d,MARC O'POLO International GmbH,"Stephanskirchen, Deutschland",https://stackoverflow.com/jobs/519513
Full Stack/PHP Engineer,Domo,"Bristol, UK",https://stackoverflow.com/jobs/533787
PHP (FullStack) Entwickler (m/w/d) 100% Remote,Computer FuturesviaComputer Futures Solutions GmbH,"Dortmund, Germany",https://stackoverflow.com/jobs/524216
Software Engineer - Elixir,SureSwift Capital,No office location,https://stackoverflow.com/jobs/536575
Senior Software Engineer,Patron Technology,No office location,https://stackoverflow.com/jobs/522009
Frontend Engineer (f/m/d),VoiceLine,"Munich, Germany",https://stackoverflow.com/jobs/522164
Senior Software Engineer,ZAIKO K.K.,"Minato City, Japan",https://stackoverflow.com/jobs/524414
Senior Ruby on Rails Developer - Solve interesting problems from home!,Ascent,No office location,https://stackoverflow.com/jobs/503122
"Senior Software Engineer – AWS, NodeJS, Serverless",LifeOmic,"Indianapolis, IN",https://stackoverflow.com/jobs/519002
Full Stack Software Engineer,iKhokha,"Umhlanga, South Africa",https://stackoverflow.com/jobs/302216
Software Engineer (m/w/d),wearTell Deutschland GmbH,"Hamburg, Deutschland",https://stackoverflow.com/jobs/518590
Full Stack Webentwickler Javascript/React (m/w/d),HELM-Software,"Ladenburg, Deutschland",https://stackoverflow.com/jobs/507612
Senior Javascript Engineer,livingdocs,"Zürich, Switzerland",https://stackoverflow.com/jobs/530742
"(Senior) Backend Developer (m/w/d), Köln oder Gütersloh",Schüttflix GmbH,"Köln, Deutschland",https://stackoverflow.com/jobs/530252
Solution Architect,Enovational,"Washington, DC",https://stackoverflow.com/jobs/420637
Senior JavaScript Engineer for our ecommerce storefront  (f/m/d),ePages GmbH,"Hamburg, Germany",https://stackoverflow.com/jobs/123431
Software Engineer/ Senior Software Engineer - JavaScript Developer,FactSet,"Hyderabad, India",https://stackoverflow.com/jobs/506362
Technical Lead - Talent Intelligence System,Singapore Innovate Pte. Ltd,Singapore,https://stackoverflow.com/jobs/529306
CDI - Back-End Developper - Rennes,Steeple,"Rennes, France",https://stackoverflow.com/jobs/530505
Senior Software Engineer,Enovational,"Washington, DC",https://stackoverflow.com/jobs/420640
Softwareentwickler (m/w/d) Web Frontend - Remote oder vor Ort,dsb ebusiness,"Frankfurt am Main, Deutschland",https://stackoverflow.com/jobs/521137
Lead Software Engineer (Core Engineering) at SaaS Healthcare Company,The Jellyvision Lab Inc.,No office location,https://stackoverflow.com/jobs/522831
Laravel Developer - 100% Remote,Cazana,No office location,https://stackoverflow.com/jobs/534998
Senior Frontend Developer (m/w/d),Getränke Hoffmann GmbH,"Blankenfelde-Mahlow, Deutschland",https://stackoverflow.com/jobs/530251
Full-Stack Technical Lead,SSENSE,"Austin, TX",https://stackoverflow.com/jobs/521737
Software Developer,NorthPoint Development,"Riverside, MO",https://stackoverflow.com/jobs/535573
Hackers wanted - Software Engineers & Machine Learning Expert (m/f/d),freiheit.com technologies,"Hamburg, Deutschland",https://stackoverflow.com/jobs/165266
Backend developer to build robust systems with Kotlin,Shape A/S,"København, Denmark",https://stackoverflow.com/jobs/370009
Full Stack Developer with an interest in FinTech,Isabel Group,"Leuven, Belgium",https://stackoverflow.com/jobs/535497
Web Developer (m/f/d),Ravensburger AG,"Malmö, Schweden",https://stackoverflow.com/jobs/499585
Fullstack Software Engineer (Java) - Hong Kong,Zuhlke Engineering Hongkong,Hong Kong,https://stackoverflow.com/jobs/454966
Software Engineer- Android,Stable Kernel,"Atlanta, GA",https://stackoverflow.com/jobs/527851
Experienced Ruby Developer,SimplePay,No office location,https://stackoverflow.com/jobs/516780
Software Engineering Manager,Quantum Mob,"Toronto, ON, Canada",https://stackoverflow.com/jobs/536853
Software Engineer I,Energy Worldnet,"Decatur, TX",https://stackoverflow.com/jobs/529297
Quality Assurance Engineer - Website und Content & Asset Management (m/w/x),ALDI International Services GmbH & Co. oHG,"Mülheim, Germany",https://stackoverflow.com/jobs/528583
Senior Software Engineer - Front End,Keap,No office location,https://stackoverflow.com/jobs/492300
Front-end Developer,Worksome ApS,"København, Denmark",https://stackoverflow.com/jobs/520009
Java Software Engineer,Surevine,"London, UK",https://stackoverflow.com/jobs/530347
Software Engineer / Developer (Full-Stack),ZEISS Group,"Clovelly Park, Australia",https://stackoverflow.com/jobs/529304
Java Software Engineer,Surevine,"London, UK",https://stackoverflow.com/jobs/530347
Fullstack Applications Developer,Fresh Technology,No office location,https://stackoverflow.com/jobs/538146
Senior UI Software Engineer,VIZIO,"Denver, CO",https://stackoverflow.com/jobs/522671
System Developer,Pensionera Förmedling i Sverige AB,"Stockholm, Sweden",https://stackoverflow.com/jobs/535317
Frontend Architect - Customer Facing Solutions (m/w/x),ALDI International Services GmbH & Co. oHG,"Mülheim, Germany",https://stackoverflow.com/jobs/528582
Front End Developer,Greenhost,"Amsterdam, Netherlands",https://stackoverflow.com/jobs/524919
Solutions Engineer,Hays TechnologyviaHays PLC,"London, UK",https://stackoverflow.com/jobs/537615
Ruby on Rails Developer,Imaginary Cloud,"Lisbon, Portugal",https://stackoverflow.com/jobs/535481
Frontend Developer für stark wachsende Employee-App,Flip GmbH,"Stuttgart, Deutschland",https://stackoverflow.com/jobs/516929
Software Developer (gn) C# / .NET,SoftwareONE Deutschland GmbH,"Leipzig, Germany",https://stackoverflow.com/jobs/526078
Frontend Developer / Headless Expert,Magnolia International Ltd.,No office location,https://stackoverflow.com/jobs/525573
Senior and Mid-Level Frontend Developers,Graph Aware Limited,No office location,https://stackoverflow.com/jobs/505282
Back-End Developer (i.e. Node.js),Imaginary Cloud,"Lisbon, Portugal",https://stackoverflow.com/jobs/534699
Application Manager PHP,FactSet,"Frankfurt am Main, Germany",https://stackoverflow.com/jobs/526471
Android Software Engineer,"Ciber Global, LLC","Orlando, FL",https://stackoverflow.com/jobs/518610
Front-End Software Engineer,HENNGE K.K.,"Tokyo, Japan",https://stackoverflow.com/jobs/381280
Senior .Net Web Developer (Remote),BlueModus,No office location,https://stackoverflow.com/jobs/536287
Frontend Developer (m/w/d),RheinEnergie AG,"Köln, Deutschland",https://stackoverflow.com/jobs/506045
React Frontend Engineer 80-100% (f/m/d),tutti.ch,"Berlin, Germany",https://stackoverflow.com/jobs/538118
Project Developer JavaScript,FactSet,"Frankfurt am Main, Germany",https://stackoverflow.com/jobs/525854
Clean Code Evangelist - Java Developer (m/f/d),ProSiebenSat.1 Media SE,"München, Deutschland",https://stackoverflow.com/jobs/533344
Full Stack Developer (Django + React),Self Decode,No office location,https://stackoverflow.com/jobs/524866
Software Architect / Senior Developer,Frauscher Sensor Technology,"Vienna, Austria",https://stackoverflow.com/jobs/529576
Web Developer (m/f/d),Ravensburger AG,"Seattle, WA, USA",https://stackoverflow.com/jobs/497853
Senior Web/Mobile Developer (m/w/d),Lotum GmbH,"Frankfurt am Main, Deutschland",https://stackoverflow.com/jobs/372988
Senior Full Stack Developer,Servian,"Brisbane City, Australia",https://stackoverflow.com/jobs/427870
Hackers wanted - Software Engineer & Machine Learning Expert (m/f/d),freiheit.com technologies,"Lissabon, Portugal",https://stackoverflow.com/jobs/254089
Senior Full-stack Web Developer,F-Secure,"Poznań, Poland",https://stackoverflow.com/jobs/526479
PHP-Developer (m/w/d),Sosa Brothers GmbH,"Hamburg, Deutschland",https://stackoverflow.com/jobs/532828
Java Developer with a lot of freedom in your job,TOPdesk,"Delft, Netherlands",https://stackoverflow.com/jobs/425992
"Senior Software Engineer, UI- Pet Health- R8094","Chewy, Inc.","Minneapolis, MN",https://stackoverflow.com/jobs/513973
"Senior Software Engineer, UI - Pet Health-R8094","Chewy, Inc.","Boston, MA",https://stackoverflow.com/jobs/513971
Senior Full Stack Software Engineer,BRG - The GAT Team,No office location,https://stackoverflow.com/jobs/535487
Senior Full Stack Developer,Enote GmbH,"Berlin, Deutschland",https://stackoverflow.com/jobs/530337
Frontend Developer-Office or Remote (m/f/x),Pepper Media Holding GmbH,No office location,https://stackoverflow.com/jobs/531176
Fullstack Web-Entwickler PHP/React (m/w/d) für E-Commerce Agentur aus Bremen,hmmh multimediahaus AG,No office location,https://stackoverflow.com/jobs/526714
Software Developer - Frontend Analytics,RaySearch Laboratories AB (publ),"Stockholm, Sweden",https://stackoverflow.com/jobs/524974
Backend Software Engineer - Python,Hubs,"Amsterdam, Netherlands",https://stackoverflow.com/jobs/533151
Software Architect (Django/Flask + React),Self Decode,No office location,https://stackoverflow.com/jobs/522628
Development Manager / Principal Developer,SilverDoor,"London, UK",https://stackoverflow.com/jobs/526195
product software engineer,AE nv/sa,"Leuven, Belgium",https://stackoverflow.com/jobs/523550
Software Engineer – React,LifeOmic,"Indianapolis, IN",https://stackoverflow.com/jobs/519007
Full Stack Web Developer (remote/onsite),BeamNG GmbH,No office location,https://stackoverflow.com/jobs/532816
Front End Engineer,Everli,No office location,https://stackoverflow.com/jobs/534744
Senior Front-end Developer,Bloomreach,No office location,https://stackoverflow.com/jobs/529094
Front-End Developer (React.js) - Platform mananging branded products (Remote),Pentalog,No office location,https://stackoverflow.com/jobs/530836
"Javascript Developer - React, Angular or Node.js",Arcanys,"Manila, Philippines",https://stackoverflow.com/jobs/243364
(Senior) Frontend Developer,EXXETA AG,"München, Deutschland",https://stackoverflow.com/jobs/534485
Fullstack Developer (m/w/d),OBI Group Holding SE & Co. KGaA,"Köln, Deutschland",https://stackoverflow.com/jobs/533992
Lead Application Developer,"JPMorgan Chase Bank, N.A.","Plano, TX",https://stackoverflow.com/jobs/538012
Senior Backend Developer,Soul Machines Limited,"Phoenix, AZ",https://stackoverflow.com/jobs/503102
Softwareentwickler Backend (m/w/d),eLearning Manufaktur GmbH,"Düsseldorf, Germany",https://stackoverflow.com/jobs/531109
Web developer,Intel Corporation,"Moscow, Russia",https://stackoverflow.com/jobs/530450
Softwareentwickler C#/.NET und Web-Entwicklung (m/w/d) unseres Produktes Visit,ASTRUM IT GmbH,"Erlangen, Deutschland",https://stackoverflow.com/jobs/485931
Softwareentwickler ERP (m/w/d) Oracle Developer (m/w/d),Häcker Küchen GmbH & Co. KG,"Rödinghausen, Deutschland",https://stackoverflow.com/jobs/537046
Fullstack Developer (m/w/d),OBI Group Holding SE & Co. KGaA,"Köln, Deutschland",https://stackoverflow.com/jobs/533992
Remote: Contract Senior Frontend Engineer,The Sensible Code Company,"Belfast, UK",https://stackoverflow.com/jobs/530338
Senior Software Engineer,uShip,"Austin, TX",https://stackoverflow.com/jobs/537938
Senior Java fejlesztő,UNIQA Raiffeisen Software Service Kft.,"Budapest, Ungarn",https://stackoverflow.com/jobs/515490
Senior Fullstack Developer (m/f/d),Deutsche Kautionskasse,"München, Deutschland",https://stackoverflow.com/jobs/530801
Front end Data Visualisation Engineer,Neo4j,"London, UK",https://stackoverflow.com/jobs/501802
Backend Engineer (Python/APIs),Belvo Technologies,No office location,https://stackoverflow.com/jobs/536582
Fullstack Entwickler (m/w/d) in Hamburg,Computer FuturesviaComputer Futures Solutions GmbH,"Hamburg, Germany",https://stackoverflow.com/jobs/522732
"Senior Software Engineer, IoT and Android at Bosch IoT Start-up",Security and Safety Things GmbH (A Bosch IoT Start-Up),"Pittsburgh, PA",https://stackoverflow.com/jobs/533648
Desenvolvedor(a) Full Stack,Globo,"Rio de Janeiro, Brazil",https://stackoverflow.com/jobs/519618
Sitecore Developer,Carex Consulting GroupviaCarex Consulting Group,No office location,https://stackoverflow.com/jobs/538412
Information Security Developer,Computer FuturesviaComputer Futures US,"Alpharetta, GA",https://stackoverflow.com/jobs/525586
Senior PHP Software Developer,Takeaway.com,"Sofia, Bulgaria",https://stackoverflow.com/jobs/523480
Frontend-Entwickler:in (w/m/d),minilu GmbH,"Ratingen, Deutschland",https://stackoverflow.com/jobs/533986
Full Stack Developer - remote,Qudosoft,"Berlin, Germany",https://stackoverflow.com/jobs/507650
Frontend Entwickler (m/w/d),MT AG - enabling the adaptive enterprise,"Ratingen, Deutschland",https://stackoverflow.com/jobs/518379
Senior Front End developer,Apicbase Belgium,No office location,https://stackoverflow.com/jobs/526988
Software Development Engineer in Test,SDVI,No office location,https://stackoverflow.com/jobs/219487
Senior Fullstack Engineer (Remote),RELE.AI,No office location,https://stackoverflow.com/jobs/530328
Full Stack Developer Mobile Gaming (m/w/d),Lotum GmbH,"Bad Nauheim, Deutschland",https://stackoverflow.com/jobs/372990
Software Development Engineer in Test,SDVI,No office location,https://stackoverflow.com/jobs/219487
Full Stack Engineer,Deepgram,"San Francisco, CA",https://stackoverflow.com/jobs/430520
JavaScript UI Software Engineer,"JPMorgan Chase Bank, N.A.","Columbus, OH",https://stackoverflow.com/jobs/538281
iOS Developer,"Ciber Global, LLC","Orlando, FL",https://stackoverflow.com/jobs/518630
Senior Frontend Engineer (React + Typescript),Bigblue,"Paris, France",https://stackoverflow.com/jobs/505291
Fullstack Developer (f/m/d),LILLYDOO GmbH,"Frankfurt am Main, Germany",https://stackoverflow.com/jobs/531090
Senior Software Engineer,Genesys,"Durham, NC",https://stackoverflow.com/jobs/526795
Software Engineer - Frontend,adidas Zaragoza Tech Hub,"Zaragoza, Spain",https://stackoverflow.com/jobs/500197
Software Engineer - SDVI DevOps,SDVI,No office location,https://stackoverflow.com/jobs/451626
"Lead Polyglot Software Engineers – TDD, XP, JavaScript",Pragmateam,"Sydney, Australia",https://stackoverflow.com/jobs/519292
Software Engineering Manager,ACV Auctions,"Buffalo, NY",https://stackoverflow.com/jobs/517049
Fullstack Developer,funda,"Amsterdam, Netherlands",https://stackoverflow.com/jobs/517353
Frontend Developer (m/f/d),zenloop,"Berlin, Germany",https://stackoverflow.com/jobs/536766
Fullstack Developer (m/w/d) remote,best it GmbH & Co. KG,No office location,https://stackoverflow.com/jobs/512059
Desarrollador/a de software C #,Hahn Softwareentwicklung,"Maxhütte-Haidhof, Deutschland",https://stackoverflow.com/jobs/499656
Software-Developer (m/f/d),TOPdesk,"Kaiserslautern, Deutschland",https://stackoverflow.com/jobs/465952
Frontend-Entwickler:in (m/w/d),conlabz GmbH,"Koblenz, Germany",https://stackoverflow.com/jobs/530382
Senior Full Stack Developer,AutoRek,"Edinburgh, UK",https://stackoverflow.com/jobs/520638
Full Stack Technical Lead,SSENSE,"Toronto, ON, Canada",https://stackoverflow.com/jobs/516156
Front-end Developer,HOTMART,"Belo Horizonte, Brazil",https://stackoverflow.com/jobs/526776
Full-Stack Entwickler (m/w/d) für Studio mit modernem Tech-Stack-Mix,Format D GmbH,"München, Deutschland",https://stackoverflow.com/jobs/529756
Cloud Systems Architect,Invitae Corporation,"Boulder, CO",https://stackoverflow.com/jobs/533806
Full Stack Developer - Node.js,zooplus AG,"Madrid, Spain",https://stackoverflow.com/jobs/529745
Full Stack Senior Engineer (f/m/d),ricardo.ch,"Zug, Switzerland",https://stackoverflow.com/jobs/531074
Full Stack Software Engineer,Applied,No office location,https://stackoverflow.com/jobs/530908
Software-Developer (m/f/d),TOPdesk,"Kaiserslautern, Deutschland",https://stackoverflow.com/jobs/465952
Full Stack Mobile Developer (Flutter) (w/m/d),Lotum GmbH,"Frankfurt am Main, Deutschland",https://stackoverflow.com/jobs/526742
Senior Full Stack Developer,AutoRek,"Edinburgh, UK",https://stackoverflow.com/jobs/520638
Java / Kotlin Developer:in (m/w/d),Haufe Group,"Hanover, Germany",https://stackoverflow.com/jobs/526704
Java Developer,RevegyviaTechCXO,"Atlanta, GA",https://stackoverflow.com/jobs/531266
Technical Lead/Developer (Microsoft Stack) - Remote,BlueModus,No office location,https://stackoverflow.com/jobs/536285
(Senior) Backend Engineer (all genders),Goodgame Studios,"Hamburg, Germany",https://stackoverflow.com/jobs/526047
Senior Frontend Developer ioki (f/m/d),ioki GmbH,"Frankfurt am Main, Deutschland",https://stackoverflow.com/jobs/526499
Product Owner,Open Systems AG,"Zürich, Switzerland",https://stackoverflow.com/jobs/521991
Software Engineering Manager,Snap! Raise,"Dallas, TX",https://stackoverflow.com/jobs/536593
Solution Architect - Prototyping (m/w/d) Tax & Legal Garage,Deloitte Deutschland,"Düsseldorf, Deutschland",https://stackoverflow.com/jobs/534020
"Senior .Net Software Developer, Team Lead",Geotab,No office location,https://stackoverflow.com/jobs/529109
Front End UI Engineer,Market America / Shop.com,No office location,https://stackoverflow.com/jobs/532915
Fullstack Developer (m/w/d),best it GmbH & Co. KG,"Amstetten, Österreich",https://stackoverflow.com/jobs/512061
Senior Full Stack Engineer - Cyber Security,Myra Security GmbH,"München, Deutschland",https://stackoverflow.com/jobs/466848
Web Solution Architect,ti&m AG,"Zürich, Schweiz",https://stackoverflow.com/jobs/522338
Fullstack Developer (m/w/d),best it GmbH & Co. KG,"Berlin, Deutschland",https://stackoverflow.com/jobs/368833
Full Stack Developer (m/f/div),Max-Planck-Institut für Sonnensystemforschung,"Göttingen, Deutschland",https://stackoverflow.com/jobs/535274
"Polyglot Software Engineer – TDD, XP, JavaScript",Pragmateam,"Melbourne, Australia",https://stackoverflow.com/jobs/523004
Backend Developer,Quant,"London, UK",https://stackoverflow.com/jobs/499172
Software Developer / IT Consultant (w/m/d),Scandio GmbH,"München, Deutschland",https://stackoverflow.com/jobs/529041
Full Stack Developer Java (m/w/d),Haufe Group,"Hanover, Germany",https://stackoverflow.com/jobs/529337
Senior JavaScript Engineer (Canada Remote),Fullscript,No office location,https://stackoverflow.com/jobs/537648
Senior Developer,EVS llc,"Westminster, CO",https://stackoverflow.com/jobs/529103
Remote Ruby on Rails Developer (US or Canada),BiTE interactive,No office location,https://stackoverflow.com/jobs/518364
Support Engineer,SDVI,No office location,https://stackoverflow.com/jobs/492303
Full Stack Engineer,On,"Berlin, Germany",https://stackoverflow.com/jobs/486363
Full Stack Developer Java (m/w/d),Haufe Group,"Hanover, Germany",https://stackoverflow.com/jobs/529337
Junior Frontend Web Developer,Network Guard,Hong Kong,https://stackoverflow.com/jobs/527724
Senior JavaScript Engineer (Canada Remote),Fullscript,No office location,https://stackoverflow.com/jobs/537648
Senior Software Engineer,Just Eat,"Bristol, UK",https://stackoverflow.com/jobs/529976
Full Stack Developer Automotive Visualization (m/f/d),Audi Business Innovation GmbH,"München, Deutschland",https://stackoverflow.com/jobs/538335
"Senior Java Engineer, Delivery Experience R10531","Chewy, Inc.","Boston, MA",https://stackoverflow.com/jobs/529204
Frontend Developer (m/w/d) - Experience Design & Mobile,Deloitte Deutschland,"Düsseldorf, Deutschland",https://stackoverflow.com/jobs/535281
Senior Frontend Developer (f/m/d),1&1 Mail & Media Applications SE - WEB.DE | GMX | 1&1 | mail.com,"Karlsruhe, Deutschland",https://stackoverflow.com/jobs/506390
Senior Software Engineer,Snap! Raise,"Dallas, TX",https://stackoverflow.com/jobs/534748
Lead Software Engineer Java (f/m/d) | on-site or remote,Best Secret GmbH,"Aschheim, Deutschland",https://stackoverflow.com/jobs/536107
"Senior fullstackutvecklare till Cygni, part of Accenture","Cygni, part of Accenture","Stockholm, Sweden",https://stackoverflow.com/jobs/447405
Frontend Developer Squla,Futurewhiz,"Amsterdam, Netherlands",https://stackoverflow.com/jobs/529180
Full Stack Developer,Servian,"Sydney, Australia",https://stackoverflow.com/jobs/424942
Senior Frontend Developer (m/w/d) - Experience Design & Mobile,Deloitte Deutschland,"Düsseldorf, Deutschland",https://stackoverflow.com/jobs/533735
Full Stack Developer,Rakettitiede,"Helsinki, Finland",https://stackoverflow.com/jobs/522743
ARCHITECTE SI (F/H),Octo Technology,"Paris, France",https://stackoverflow.com/jobs/445451
Experienced Frontend Web Engineer (Mikketa Team),Scoville,"Shibuya City, Japan",https://stackoverflow.com/jobs/513039
Senior React Native Developer (100% Remote),Whitespectre,No office location,https://stackoverflow.com/jobs/536594
Senior Frontend Developer,WirelessCar,"Göteborg, Sweden",https://stackoverflow.com/jobs/521149
Senior Frontend Software Engineer (Europe),Circle,No office location,https://stackoverflow.com/jobs/496058
Senior Fullstack Developer,Lobster Ink Technologies,"Amsterdam, Netherlands",https://stackoverflow.com/jobs/528737
Frontend Integration Engineer (eCommerce),proton.ai,No office location,https://stackoverflow.com/jobs/536352
Frontend Senior Engineer,Bitso,No office location,https://stackoverflow.com/jobs/536310
Frontend Integration Engineer (eCommerce),proton.ai,No office location,https://stackoverflow.com/jobs/536352
"Full Stack Web Developer (m/w/d), Vollzeit, 100% Home-Office",Raven51 AG,"Frankfurt am Main, Deutschland",https://stackoverflow.com/jobs/528854
Lead Ruby on Rails Engineer - Remote,BiTE interactive,No office location,https://stackoverflow.com/jobs/518363
Senior React Engineer NYC,"Clinical.ly, Inc.",No office location,https://stackoverflow.com/jobs/519607
Senior Fullstack Developer,Cunexus,No office location,https://stackoverflow.com/jobs/528085
Senior Frontend Software Engineer (United States and Canada),Circle,No office location,https://stackoverflow.com/jobs/496056
Software Developer (gn) Java,SoftwareONE Deutschland GmbH,"Leipzig, Germany",https://stackoverflow.com/jobs/526079
Full Stack Developer,"JPMorgan Chase Bank, N.A.","Plano, TX",https://stackoverflow.com/jobs/537776
Senior Front End Engineer,Cie,No office location,https://stackoverflow.com/jobs/528550
Software Engineer (React JS),eBay Classifieds Group,"Sydney, Australia",https://stackoverflow.com/jobs/536047
Full Stack Software Engineer,F-Secure,"London, UK",https://stackoverflow.com/jobs/514490
Full Stack Developer,SiteZeus,"Tampa, FL",https://stackoverflow.com/jobs/535337
Senior Software Engineering Manager,ACV Auctions,"Buffalo, NY",https://stackoverflow.com/jobs/517055
Java Fullstack Entwickler (m/w/d) - Weinheim & Homeoffice,objective partner AG,"Weinheim, Deutschland",https://stackoverflow.com/jobs/496584
Technische*r Sitecore Architekt*in,GASAG AG,"Berlin, Deutschland",https://stackoverflow.com/jobs/530794
Full Stack Developer,nowon AG,"Winterthur, Schweiz",https://stackoverflow.com/jobs/518957
Full Stack Engineer,Beatrust Inc.,"Minato City, Japan",https://stackoverflow.com/jobs/429319
Senior Software Engineer / Developer Java (f/m/d) | on-site or remote,Best Secret GmbH,"München, Deutschland",https://stackoverflow.com/jobs/530444
Tech Lead Backend Development (m/f/d),"AppLike Group - justDice, adjoe and Sunday","Hamburg, Deutschland",https://stackoverflow.com/jobs/531049
Senior Java Engineer - Cleanhub - Germany,Confido Talent,No office location,https://stackoverflow.com/jobs/536041
Full Stack Developer PHP (m/w/d,Getränke Hoffmann GmbH,"Blankenfelde-Mahlow OT Groß Kienitz, Deutschland",https://stackoverflow.com/jobs/529965
Front-end Developer,Brainomix,"Oxford, UK",https://stackoverflow.com/jobs/516349
Solution Architect (f/m/diverse),Eurowings Digital GmbH,"Köln, Deutschland",https://stackoverflow.com/jobs/368535
Engineering Manager - CWM Tools,Supermetrics Oy,No office location,https://stackoverflow.com/jobs/537605
Front-end Engineer - Working in Japan,LINE Fukuoka,"Fukuoka, Japan",https://stackoverflow.com/jobs/273839
Azure Full Stack Developer,Innofactor Oyj,"Espoo, Finland",https://stackoverflow.com/jobs/517279
Backend Java Developer,Tradeshift,"București, Romania",https://stackoverflow.com/jobs/533090
Experienced Java Developer with a lot of freedom in your work,TOPdesk,"Budapest, Hungary",https://stackoverflow.com/jobs/460593
Front-End Engineer,Mixam,"Watford, UK",https://stackoverflow.com/jobs/523992
Senior Backend Developer,Quant,"London, UK",https://stackoverflow.com/jobs/499611
Lead Front End Engineer,The LEGO Group,"Billund, Denmark",https://stackoverflow.com/jobs/527013
Senior Front End Engineer - Platform,SWIMLANE INC,"Louisville, CO",https://stackoverflow.com/jobs/537676
Head of Development (m/f/d),Real Life Interaction GmbH,"Berlin, Deutschland",https://stackoverflow.com/jobs/505645
"Engineering Manager, Front End",Think Company,No office location,https://stackoverflow.com/jobs/536374
Software Engeering Manager - Mobile Engineering,Givelify,No office location,https://stackoverflow.com/jobs/528571
Junior Developer,Ontario Digital Service,"Toronto, ON, Canada",https://stackoverflow.com/jobs/527027
Full Stack Technical Lead,SSENSE,"Dallas, TX",https://stackoverflow.com/jobs/520072
Senior Quality Engineer & Quality Engineer-Remote US (Level based on experience),Ultranauts Inc,No office location,https://stackoverflow.com/jobs/514642
Senior Frontend Engineer,Nebulab,No office location,https://stackoverflow.com/jobs/533669
Full Stack -kehittäjä / avoin hakemus,CGI Suomi,"Helsinki, Finland",https://stackoverflow.com/jobs/522769
Full Stack Engineer,SimpleNexus LLC,No office location,https://stackoverflow.com/jobs/523006
Healthcare C# Server-Side Developer,In Touch Technologies,"Valparaiso, IN",https://stackoverflow.com/jobs/528689
Software Development Architect (gn) C# / .NET,SoftwareONE Deutschland GmbH,"Leipzig, Germany",https://stackoverflow.com/jobs/526080
Softwareentwickler Frontend (m/w/d),eLearning Manufaktur GmbH,"Düsseldorf, Germany",https://stackoverflow.com/jobs/531113
Senior Fullstack Developer (f/m/x),kreuzwerker,"Berlin, Germany",https://stackoverflow.com/jobs/518073
React Web Developer,Carbonara,No office location,https://stackoverflow.com/jobs/510708
Developer .Net / Développeur .Net,Grics,"Montréal, QC, Canada",https://stackoverflow.com/jobs/521899
UX / UI Specialist,TheVentury GmbH,"Wien, Österreich",https://stackoverflow.com/jobs/527107
Software Team Lead,NorthPoint Development,"Riverside, MO",https://stackoverflow.com/jobs/533188
Senior Full Stack Software Engineer,Samotics,"Leiden, Netherlands",https://stackoverflow.com/jobs/516831
Software Team Lead,NorthPoint Development,"Riverside, MO",https://stackoverflow.com/jobs/533188
Applikations-Entwickler*in Schwerpunkt SharePoint (w/m/d),HENSOLDT,"Oberkochen, Deutschland",https://stackoverflow.com/jobs/529093
"Software developer, full stack - Helsinki",Columbia Road,"Helsinki, Finland",https://stackoverflow.com/jobs/431663
Full Stack Engineer (Application Engineer),Rakuten,"Setagaya City, Japan",https://stackoverflow.com/jobs/527726
Front End Engineer,Zype,No office location,https://stackoverflow.com/jobs/536105
Lead / Senior Frontend Web Developer,Network Guard,Singapore,https://stackoverflow.com/jobs/527720
Web Dev Trainer / Coach (Antwerpen),BeCode VZW,"Antwerpen, Belgium",https://stackoverflow.com/jobs/215193
Medium-level/Senior Frontend Developer,memoQ,"Budapest, Hungary",https://stackoverflow.com/jobs/524487
(Senior) Frontend Entwickler*in (SDI) (w/m/d),evasys GmbH,"Hamburg, Deutschland",https://stackoverflow.com/jobs/529751
Full-Stack Software Developer – Electronic Lab Notebook (ELN),Forschungszentrum Jülich GmbH,"Jülich, Deutschland",https://stackoverflow.com/jobs/532864
Senior Software Engineer - Frontend (location flexible),Quartz Media Inc,"New York, NY",https://stackoverflow.com/jobs/533790
Full Stack Developer:in lexoffice (m/w/d),Haufe Group,"Freiburg im Breisgau, Germany",https://stackoverflow.com/jobs/455781
(Senior) Frontend Engineer,Bowtie Life Insurance Company Limited,No office location,https://stackoverflow.com/jobs/537852
Web developer Trainer (Gent),BeCode VZW,"Gent, Belgium",https://stackoverflow.com/jobs/236398
Fullstack Software Engineer,Outschool,No office location,https://stackoverflow.com/jobs/529712
Senior GoLang Developer,"Gorilla Logic, Inc.",No office location,https://stackoverflow.com/jobs/530528
"Lead Engineer, Data Platform",proton.ai,No office location,https://stackoverflow.com/jobs/531823
SharePoint-Solution Architect (w/m/d),HENSOLDT,"Ulm, Deutschland",https://stackoverflow.com/jobs/529085
LMAX Software Developer (Core Java),LMAX Group,"London, UK",https://stackoverflow.com/jobs/181651
Applikations-Entwickler*in Schwerpunkt SharePoint (w/m/d),HENSOLDT,"Ulm, Deutschland",https://stackoverflow.com/jobs/529087
Software Development Architect/Lead Developer (gn) Java,SoftwareONE Deutschland GmbH,"Leipzig, Germany",https://stackoverflow.com/jobs/526082
Full Stack Developer (m/w/d) für Prozessmanagement im Global Sales Support,WALDNER Laboreinrichtungen GmbH & Co. KG,"Wangen im Allgäu, Germany",https://stackoverflow.com/jobs/533352
Contract Software Engineer - Integrations,NowPow,"Chicago, IL",https://stackoverflow.com/jobs/534769
Laravel Jedi,Creative Force Ltd,No office location,https://stackoverflow.com/jobs/527987
Engineering Manager - Frontend & Mobile (m/f/d),Motius GmbH,"München, Deutschland",https://stackoverflow.com/jobs/525261
"Software developer, full stack - Stockholm",Columbia Road,"Stockholm, Sweden",https://stackoverflow.com/jobs/443002
Senior React Developer,Supermetrics Oy,"Helsinki, Finland",https://stackoverflow.com/jobs/524132
Senior Full Stack Developer - Remote,Insider,No office location,https://stackoverflow.com/jobs/456301
Senior Software Engineer,NowPow,"Chicago, IL",https://stackoverflow.com/jobs/537082
Software Engineer,"JPMorgan Chase Bank, N.A.","Jersey City, NJ",https://stackoverflow.com/jobs/537309
Senior Full-Stack Engineer with Node.js - Tradeshift Go,Tradeshift,"Bucharest, Romania",https://stackoverflow.com/jobs/526924
Hackers wanted - UI/UX Engineer (m/f/d),freiheit.com technologies,"Hamburg, Deutschland",https://stackoverflow.com/jobs/91520
Senior Front End Engineer (React),Flashpoint,No office location,https://stackoverflow.com/jobs/533446
FRONTEND React JS Lead/Senior Developers; 3 Day Weekend; Distributed Team,Laminar,No office location,https://stackoverflow.com/jobs/500256
Data Science and Analytics Engineer,MITRE,"McLean, VA",https://stackoverflow.com/jobs/523959
Ervaren Frontend Developer,Orcado b.v.,"Almere, Netherlands",https://stackoverflow.com/jobs/531814
Front End Developer,Cloudwise B.V.,"Woerden, Netherlands",https://stackoverflow.com/jobs/537838
Front End Engineer with React - VMware Carbon Black,VMware Bulgaria,"Sofia, Bulgaria",https://stackoverflow.com/jobs/530404
Software Engineer Manager - Frontend,Givelify,No office location,https://stackoverflow.com/jobs/527431
QA Engineer / Ingénieur QA,BuyCo,"Marseille, France",https://stackoverflow.com/jobs/530329
Backend Developer PPaaS H/F,Worldline,"Paris, France",https://stackoverflow.com/jobs/521806
Front-end Designer (Australia - remote),Octopus Deploy,No office location,https://stackoverflow.com/jobs/525455
Senior/Principal Software Engineer (100% Remote),Cazana,No office location,https://stackoverflow.com/jobs/527591
(Senior) Full-Stack Engineer (f/m/d) for Strategic Platform Innovations,SAP,"Berlin, Germany",https://stackoverflow.com/jobs/526259
Senior/Lead Site Reliability Engineer,Quant,"London, UK",https://stackoverflow.com/jobs/528691
Software Engineer – Cloud Solutions,"Emerson, Sweden","Mölnlycke, Sweden",https://stackoverflow.com/jobs/529731
Senior Backend Engineer - Location Flexible,"Volusion, LLC",No office location,https://stackoverflow.com/jobs/443231
Application Developer - Principal Consultant,AIM,"Minneapolis, MN",https://stackoverflow.com/jobs/524483
Remote Site Reliability Engineer,Blue Code International AG,"Zürich, Switzerland",https://stackoverflow.com/jobs/536351
Full Stack Developer,Enovational,"Washington, DC",https://stackoverflow.com/jobs/173771
"Frontend Engineer, Web",Aaqua,Singapore,https://stackoverflow.com/jobs/493601
Senior Full Stack Software Engineer,Staging &amp; Design Network,"Bellevue, WA",https://stackoverflow.com/jobs/533475
Shopify Front-End Engineer,"Trellis, Inc.",No office location,https://stackoverflow.com/jobs/528357
Senior Python Developer,Fox IT,"Delft, Netherlands",https://stackoverflow.com/jobs/536568
Senior PHP Developer,Defiant Inc,No office location,https://stackoverflow.com/jobs/500281
Shopify Assistant Technical Lead,"Trellis, Inc.",No office location,https://stackoverflow.com/jobs/528358
Full Stack Engineer (Ruby on Rails),The Lifetime Value Co.,"New York, NY",https://stackoverflow.com/jobs/535016
Product Owner - Plateforme Alpha (H/F),ENGIE Digital,"Paris, France",https://stackoverflow.com/jobs/535038
Senior Full Stack Developer (f/m/d),SAP,"Walldorf, Germany",https://stackoverflow.com/jobs/526450
Senior Platform Services Software Engineer (Europe),Circle,No office location,https://stackoverflow.com/jobs/496059
Senior Platform Services Software Engineer (United States and Canada),Circle,No office location,https://stackoverflow.com/jobs/496060
Technical Product Manager,MUFG,"Charlotte, NC",https://stackoverflow.com/jobs/530188
Developer  C++C# / Développeur C# C++,Grics,"Montréal, QC, Canada",https://stackoverflow.com/jobs/521898
Sr. Software Engineer,6Connex,"San Antonio, TX",https://stackoverflow.com/jobs/532934
フロントエンドエンジニア,HENNGE K.K.,"Tokyo, Japan",https://stackoverflow.com/jobs/381284
"Senior Software Engineer IV, Front-End",ACV Auctions,"Buffalo, NY",https://stackoverflow.com/jobs/524729
Senior Full-Stack Developer,Lastmile Retail,No office location,https://stackoverflow.com/jobs/523843
Senior Software Developer,SSENSE,"Montreal, QC, Canada",https://stackoverflow.com/jobs/521747
Senior Software Developer,SSENSE,"Toronto, ON, Canada",https://stackoverflow.com/jobs/521748
Senior Front-end Developer (Remote),SORAMITSU,"Innopolis, Russia",https://stackoverflow.com/jobs/522571
Software Developer / Product Owner,Knowit,"Gothenburg, Sweden",https://stackoverflow.com/jobs/473444
Full Stack Developer,Addison Group,"Austin, TX",https://stackoverflow.com/jobs/520660
Frontend Developer to build the leading Platform for ML,Hugging Face,"Paris, France",https://stackoverflow.com/jobs/448344
Front End Developer,Huboo Technologies Ltd,"Bristol, UK",https://stackoverflow.com/jobs/526330
Senior Salesforce Developer,California Society of CPA's,No office location,https://stackoverflow.com/jobs/529271
Software Developer (remote or onsite),Aptera Software,"Fort Wayne, IN",https://stackoverflow.com/jobs/455016
Senior Web Developer,Beast Code,"Fort Walton Beach, FL",https://stackoverflow.com/jobs/219673
"Manager, Software Engineering (United States and Canada)",Circle,No office location,https://stackoverflow.com/jobs/496048
Senior Software Engineer,SimpleNexus LLC,No office location,https://stackoverflow.com/jobs/523125
Java-Softwareentwickler (w/m/d),parcIT GmbH,"Köln, Deutschland",https://stackoverflow.com/jobs/524114
DevOps Engineer,Harlem Next,"Haarlem, Netherlands",https://stackoverflow.com/jobs/423490
Senior Ruby on Rails Developer (f/m/d) in FinTech,PAIR Finance GmbH,"Berlin, Deutschland",https://stackoverflow.com/jobs/525483
Experienced Front End Engineer,AE nv/sa,"Leuven, Belgium",https://stackoverflow.com/jobs/523553
"Manager, Software Engineering (Europe)",Circle,No office location,https://stackoverflow.com/jobs/496049
React Developer,"Jogg, Inc","Glendale, CA",https://stackoverflow.com/jobs/531585
Développeur fullstack,Digital4Better,"Nantes, France",https://stackoverflow.com/jobs/515925
TECH LEAD (F/H),Octo Technology,"Paris, France",https://stackoverflow.com/jobs/445447
DevOps Cloud Engineer m/w/d,MARC O'POLO International GmbH,"Stephanskirchen, Deutschland",https://stackoverflow.com/jobs/519984
Software Engineer - Full Stack (Mid-Senior),Olo,No office location,https://stackoverflow.com/jobs/448572
